大类	item（L2>L3>L4）	SKU名称	SKU编码	单位	价格
家庭保洁	日常保洁>按小时保洁>2小时保洁	2小时日常保洁	sku_home_daily_2h	次	¥89/2小时
家庭保洁	日常保洁>按小时保洁>3小时保洁	3小时日常保洁	sku_home_daily_3h	次	¥129/3小时
家庭保洁	日常保洁>按小时保洁>4小时保洁	4小时日常保洁	sku_home_daily_4h	次	¥169/4小时
家庭保洁	日常保洁>按户型保洁>一居室保洁	一居室日常保洁	sku_home_daily_1room	次	¥129-159
家庭保洁	日常保洁>按户型保洁>两居室保洁	两居室日常保洁	sku_home_daily_2room	次	¥199-239
家庭保洁	日常保洁>按户型保洁>三居室保洁	三居室日常保洁	sku_home_daily_3room	次	¥289-349
家庭保洁	日常保洁>钟点工保洁>做饭+保洁	做饭+保洁	sku_home_daily_cooking_clean	次	¥149/3小时
家庭保洁	深度保洁>全屋深度保洁>一居室深度	一居室深度保洁	sku_home_deep_1room	次	¥299-399
家庭保洁	深度保洁>全屋深度保洁>两居室深度	两居室深度保洁	sku_home_deep_2room	次	¥399-549
家庭保洁	深度保洁>全屋深度保洁>三居室深度	三居室深度保洁	sku_home_deep_3room	次	¥499-699
家庭保洁	深度保洁>厨卫深度保洁>厨房重油污清洁	厨房重油污清洁	sku_home_kitchen_heavy_grease	次	¥199-299
家庭保洁	深度保洁>厨卫深度保洁>卫生间除霉除垢	卫生间除霉除垢	sku_home_bathroom_mold	间	¥169-269
家庭保洁	深度保洁>出租房深度保洁>出租房入住前保洁	出租房入住前保洁	sku_home_rental_before_movein	次	¥349-549
家庭保洁	深度保洁>出租房深度保洁>退租基础保洁	退租基础保洁	sku_home_rental_checkout	次	¥249-399
家庭保洁	开荒保洁>新房开荒>新房普通开荒	新房普通开荒	sku_home_movein_basic	次	¥6-8/㎡
家庭保洁	开荒保洁>新房开荒>新房精细开荒	新房精细开荒	sku_home_movein_fine	次	¥8-12/㎡
家庭保洁	开荒保洁>装修后开荒>装修后重污开荒	装修后重污开荒	sku_home_renovation_heavy	次	上门估价 ¥10/㎡起
家庭保洁	开荒保洁>商铺开荒>小商铺开荒	小商铺开荒	sku_home_shop_opening	次	上门估价 ¥8/㎡起
家庭保洁	开荒保洁>商铺开荒>办公室开荒	办公室开荒	sku_home_office_opening	次	上门估价 ¥6/㎡起
家庭保洁	擦玻璃>家庭擦玻璃>单面玻璃清洁	单面玻璃清洁	sku_home_window_single	面	¥49-69/面
家庭保洁	擦玻璃>家庭擦玻璃>双面玻璃清洁	双面玻璃清洁	sku_home_window_double	面	¥79-119/面
家庭保洁	擦玻璃>家庭擦玻璃>全屋玻璃清洁	全屋玻璃清洁	sku_home_window_whole_house	次	¥199-399
家庭保洁	擦玻璃>高层擦玻璃>高层玻璃现场评估	高层玻璃现场评估	sku_home_window_highrise_quote	次	上门评估费 ¥99 · 清洁另计
家庭保洁	擦玻璃>商铺玻璃>商铺门面玻璃	商铺门面玻璃清洁	sku_home_window_shop_front	次	上门估价 ¥199起
家庭保洁	除螨清洁>床垫除螨>单人床垫除螨	单人床垫除螨	sku_home_mite_single_mattress	张	¥99-129
家庭保洁	除螨清洁>床垫除螨>双人床垫除螨	双人床垫除螨	sku_home_mite_double_mattress	张	¥149-189
家庭保洁	除螨清洁>沙发除螨>三人沙发除螨	三人沙发除螨	sku_home_mite_three_sofa	张	¥129-169
家庭保洁	除螨清洁>沙发除螨>布艺沙发除螨	布艺沙发除螨	sku_home_mite_fabric_sofa	张	¥99-149
家庭保洁	除螨清洁>全屋除螨>全屋除螨套餐	全屋除螨套餐	sku_home_mite_whole_house	次	¥299-599
家庭保洁	收纳整理>局部收纳>衣柜整理	衣柜整理	sku_home_org_wardrobe	次	¥199-399
家庭保洁	收纳整理>局部收纳>厨房整理	厨房整理	sku_home_org_kitchen	次	¥249-449
家庭保洁	收纳整理>局部收纳>儿童房整理	儿童房整理	sku_home_org_kids_room	次	¥229-399
家庭保洁	收纳整理>全屋收纳>全屋收纳整理	全屋收纳整理	sku_home_org_whole_house	次	上门估价 ¥499起
家庭保洁	收纳整理>搬家前后整理>搬家前打包整理	搬家前打包整理	sku_home_org_before_move	次	上门估价 ¥399起
家庭保洁	收纳整理>搬家前后整理>搬家后归位整理	搬家后归位整理	sku_home_org_after_move	次	上门估价 ¥399起
家电清洗	空调清洗>挂机空调>挂机普通清洗	挂机空调普通清洗	sku_ac_wall_basic	台	¥89-139/台
家电清洗	空调清洗>挂机空调>挂机深度清洗	挂机空调深度清洗	sku_ac_wall_deep	台	¥129-189/台
家电清洗	空调清洗>柜机空调>柜机普通清洗	柜机空调普通清洗	sku_ac_cabinet_basic	台	¥129-199/台
家电清洗	空调清洗>柜机空调>柜机深度清洗	柜机空调深度清洗	sku_ac_cabinet_deep	台	¥189-269/台
家电清洗	空调清洗>中央空调>出风口清洗	中央空调出风口清洗	sku_ac_central_outlet	个	¥89-129/个
家电清洗	空调清洗>中央空调>内机清洗	中央空调内机清洗	sku_ac_central_indoor	台	¥168-320/台
家电清洗	空调清洗>空调套餐>2台空调套餐	2台空调清洗套餐	sku_ac_package_2	套	¥158-258/2台
家电清洗	空调清洗>空调套餐>3台空调套餐	3台空调清洗套餐	sku_ac_package_3	套	¥228-368/3台
家电清洗	油烟机清洗>中式油烟机>中式普通清洗	中式油烟机普通清洗	sku_hood_chinese_basic	台	¥159-199
家电清洗	油烟机清洗>中式油烟机>中式深度清洗	中式油烟机深度清洗	sku_hood_chinese_deep	台	¥229-299
家电清洗	油烟机清洗>欧式油烟机>欧式普通清洗	欧式油烟机普通清洗	sku_hood_european_basic	台	¥189-249
家电清洗	油烟机清洗>欧式油烟机>欧式深度拆洗	欧式油烟机深度拆洗	sku_hood_european_deep	台	¥279-369
家电清洗	油烟机清洗>侧吸油烟机>侧吸重油污清洗	侧吸油烟机重油污清洗	sku_hood_side_heavy	台	¥249-349
家电清洗	油烟机清洗>集成灶>集成灶普通清洗	集成灶普通清洗	sku_hood_integrated_basic	台	¥199-279
家电清洗	油烟机清洗>集成灶>集成灶深度清洗	集成灶深度清洗	sku_hood_integrated_deep	台	¥299-399
家电清洗	洗衣机清洗>波轮洗衣机>波轮免拆清洗	波轮洗衣机免拆清洗	sku_washer_pulsator_basic	台	¥99-149
家电清洗	洗衣机清洗>波轮洗衣机>波轮全拆清洗	波轮洗衣机全拆清洗	sku_washer_pulsator_deep	台	¥169-249
家电清洗	洗衣机清洗>滚筒洗衣机>滚筒免拆清洗	滚筒洗衣机免拆清洗	sku_washer_drum_basic	台	¥129-179
家电清洗	洗衣机清洗>滚筒洗衣机>滚筒深度清洗	滚筒洗衣机深度清洗	sku_washer_drum_deep	台	¥199-289
家电清洗	洗衣机清洗>洗烘一体机>洗烘一体机清洗	洗烘一体机清洗	sku_washer_dryer_basic	台	¥169-249
家电清洗	洗衣机清洗>洗烘一体机>烘干风道清洗	烘干风道清洗	sku_washer_dryer_duct	台	¥99-149
家电清洗	冰箱清洗>单门/双门冰箱>单门冰箱清洗	单门冰箱清洗	sku_fridge_single_basic	台	¥99-139
家电清洗	冰箱清洗>单门/双门冰箱>双门冰箱清洗	双门冰箱清洗	sku_fridge_double_basic	台	¥139-189
家电清洗	冰箱清洗>对开门冰箱>对开门深度清洗	对开门冰箱深度清洗	sku_fridge_side_by_side_deep	台	¥199-289
家电清洗	冰箱清洗>多门冰箱>多门冰箱除味消毒	多门冰箱除味消毒	sku_fridge_multi_disinfection	台	¥169-249
家电清洗	热水器清洗>电热水器>电热水器内胆清洗	电热水器内胆清洗	sku_waterheater_electric_tank	台	¥169-249
家电清洗	热水器清洗>电热水器>镁棒更换	电热水器镁棒更换	sku_waterheater_electric_magnesium	根	¥99-169
家电清洗	热水器清洗>燃气热水器>燃气热水器外观清洁	燃气热水器外观清洁	sku_waterheater_gas_clean	台	¥79-129
家电清洗	热水器清洗>太阳能热水器>太阳能热水器清洗	太阳能热水器清洗	sku_waterheater_solar_clean	台	上门估价 ¥199起
家电清洗	厨房小家电清洗>燃气灶清洗>燃气灶清洗	燃气灶清洗	sku_stove_clean	台	¥99-149
家电清洗	厨房小家电清洗>洗碗机清洗>洗碗机内胆清洗	洗碗机内胆清洗	sku_dishwasher_inner_clean	台	¥129-179
家电清洗	厨房小家电清洗>消毒柜清洗>消毒柜除菌清洁	消毒柜除菌清洁	sku_disinfection_cabinet_clean	台	¥99-149
家电清洗	厨房小家电清洗>微波炉清洗>微波炉重污清洗	微波炉重污清洗	sku_microwave_heavy_clean	台	¥69-99
家电维修	空调维修>制冷/制热异常>不制冷检修	空调不制冷检修	sku_repair_ac_not_cooling	次	检测费¥80·维修另计
家电维修	空调维修>制冷/制热异常>不制热检修	空调不制热检修	sku_repair_ac_not_heating	次	检测费¥80·维修另计
家电维修	空调维修>漏水/异响>漏水维修	空调漏水维修	sku_repair_ac_water_leak	次	检测费¥80·维修另计
家电维修	空调维修>漏水/异响>异响检修	空调异响检修	sku_repair_ac_noise	次	检测费¥80·维修另计
家电维修	空调维修>电路/启动故障>不开机检修	空调不开机检修	sku_repair_ac_not_start	次	检测费¥80·维修另计
家电维修	空调维修>电路/启动故障>跳闸检修	空调跳闸检修	sku_repair_ac_trip	次	检测费¥80·维修另计
家电维修	空调维修>加氟/移机后维修>缺氟检测	空调缺氟检测	sku_repair_ac_gas_check	次	检测费¥49
家电维修	空调维修>加氟/移机后维修>加氟服务	空调加氟服务	sku_repair_ac_add_freon	台	¥120起/台
家电维修	空调维修>加氟/移机后维修>移机后故障检修	空调移机后故障检修	sku_repair_ac_after_move	次	检测费¥100·维修另计
家电维修	洗衣机维修>进水/排水故障>不进水维修	洗衣机不进水维修	sku_repair_washer_no_water	次	检测费¥80·维修另计
家电维修	洗衣机维修>进水/排水故障>不排水维修	洗衣机不排水维修	sku_repair_washer_no_drain	次	检测费¥80·维修另计
家电维修	洗衣机维修>不脱水/不转>不脱水维修	洗衣机不脱水维修	sku_repair_washer_no_spin	次	检测费¥80·维修另计
家电维修	洗衣机维修>不脱水/不转>不转维修	洗衣机不转维修	sku_repair_washer_not_rotate	次	检测费¥80·维修另计
家电维修	洗衣机维修>漏水/门锁>漏水维修	洗衣机漏水维修	sku_repair_washer_leak	次	¥99-260
家电维修	洗衣机维修>漏水/门锁>门锁维修	滚筒洗衣机门锁维修	sku_repair_washer_door_lock	次	¥129-280
家电维修	冰箱维修>制冷故障>不制冷检修	冰箱不制冷检修	sku_repair_fridge_not_cooling	次	检测费¥80·维修另计
家电维修	冰箱维修>制冷故障>制冷差检修	冰箱制冷差检修	sku_repair_fridge_weak_cooling	次	检测费¥80·维修另计
家电维修	冰箱维修>结冰/门封/噪音>结冰维修	冰箱结冰维修	sku_repair_fridge_frost	次	¥99-260
家电维修	冰箱维修>结冰/门封/噪音>门封条更换	冰箱门封条更换	sku_repair_fridge_door_seal	次	¥129-280(含材料)
家电维修	热水器维修>不加热/漏水>电热不加热检修	电热水器不加热检修	sku_repair_waterheater_no_heat	次	检测费¥80·维修另计
家电维修	热水器维修>不加热/漏水>漏水维修	热水器漏水维修	sku_repair_waterheater_leak	次	¥99-280
家电维修	热水器维修>点火/水温故障>燃气不点火维修	燃气热水器不点火维修	sku_repair_waterheater_no_ignite	次	检测费¥80·维修另计
家电维修	热水器维修>点火/水温故障>水温不稳检修	热水器水温不稳检修	sku_repair_waterheater_temp_unstable	次	检测费¥80·维修另计
家电维修	油烟机/燃气灶维修>油烟机维修>吸力弱维修	油烟机吸力弱维修	sku_repair_hood_no_suction	次	检测费¥80·维修另计
家电维修	油烟机/燃气灶维修>油烟机维修>开关/照明故障维修	油烟机开关/照明故障	sku_repair_hood_switch	次	¥99-260
家电维修	油烟机/燃气灶维修>燃气灶维修>不点火维修	燃气灶不点火维修	sku_repair_stove_no_ignite	次	¥99-260
家电维修	油烟机/燃气灶维修>燃气灶维修>漏气安全检测	燃气灶漏气安全检测	sku_repair_stove_leak_check	次	¥79-149
家电维修	电视/厨电小家电维修>电视维修>无图像检修	电视无图像检修	sku_repair_tv_no_display	次	检测费¥80·维修另计
家电维修	电视/厨电小家电维修>微波炉维修>不加热维修	微波炉不加热维修	sku_repair_microwave_not_heat	次	¥99-260
家电维修	电视/厨电小家电维修>洗碗机/消毒柜维修>故障检修	洗碗机/消毒柜故障检修	sku_repair_dishwasher_fault	次	检测费¥80·维修另计
家电维修	疑难故障评估>疑难故障现场评估>现场评估报价	家电疑难故障现场评估	sku_repair_appliance_complex_quote	次	上门检测费¥80·现场评估后报价
上门安装	灯具安装>吸顶灯/吊灯>吸顶灯安装	吸顶灯安装	sku_install_light_ceiling	个	¥69-159
上门安装	灯具安装>吸顶灯/吊灯>吊灯安装	吊灯安装	sku_install_light_chandelier	个	¥129-399
上门安装	灯具安装>射灯/灯带>射灯/筒灯安装	射灯/筒灯安装	sku_install_light_spot	个	¥39-69/个
上门安装	灯具安装>射灯/灯带>灯具拆旧换新	灯具拆旧换新	sku_install_light_replace	次	¥89-199
上门安装	卫浴安装>马桶/花洒>马桶安装	马桶安装	sku_install_toilet	个	¥199-399
上门安装	卫浴安装>马桶/花洒>花洒安装	花洒安装	sku_install_shower	套	¥99-199
上门安装	卫浴安装>浴室柜/五金>浴室柜安装	浴室柜安装	sku_install_bathroom_cabinet	套	¥199-399
上门安装	卫浴安装>浴室柜/五金>卫浴五金挂件安装	镜柜安装	sku_install_mirror_cabinet	个	¥69-169/个
上门安装	卫浴安装>浴室柜/五金>卫浴五金挂件安装	卫浴五金挂件安装	sku_install_towel_rack	件	¥49-99/件
上门安装	厨房设备安装>水槽/龙头>厨房水槽安装	厨房水槽安装	sku_install_sink	个	¥199-399
上门安装	厨房设备安装>水槽/龙头>厨房龙头安装	厨房龙头安装	sku_install_faucet	个	¥79-169
上门安装	厨房设备安装>油烟机/燃气灶/净水器>油烟机安装	油烟机安装	sku_install_hood	台	¥199-399
上门安装	厨房设备安装>油烟机/燃气灶/净水器>燃气灶安装	燃气灶安装	sku_install_stove	台	¥129-299
上门安装	厨房设备安装>油烟机/燃气灶/净水器>洗碗机安装	洗碗机安装	sku_install_dishwasher	台	¥199-399
上门安装	厨房设备安装>油烟机/燃气灶/净水器>净水器安装	净水器安装	sku_install_water_purifier	台	¥129-299
上门安装	家具安装>床/柜安装>床安装	床安装	sku_install_bed	张	¥129-280
上门安装	家具安装>床/柜安装>衣柜安装	衣柜安装	sku_install_wardrobe	件	¥199-499
上门安装	家具安装>桌椅/置物柜>书桌/电脑桌安装	书桌/电脑桌安装	sku_install_desk	件	¥99-220
上门安装	家具安装>桌椅/置物柜>成品置物柜安装	成品置物柜安装	sku_install_shelf_unit	件	¥99-260
上门安装	窗帘/置物架安装>窗帘/晾衣架>窗帘杆安装	窗帘杆安装	sku_install_curtain_rod	根	¥89-199
上门安装	窗帘/置物架安装>窗帘/晾衣架>晾衣架安装	晾衣架安装	sku_install_clothes_hanger	套	¥129-299
上门安装	窗帘/置物架安装>挂架/置物架>电视挂架安装	电视挂架安装	sku_install_tv_mount	台	¥129-299
上门安装	窗帘/置物架安装>挂架/置物架>墙面置物架安装	墙面置物架安装	sku_install_wall_shelf	个	¥69-169
上门安装	家电安装>空调安装>挂机空调安装	挂机空调安装	sku_install_ac_wall	台	¥299-599
上门安装	家电安装>热水器安装>电热水器安装	电热水器安装	sku_install_waterheater_electric	台	¥199-399
上门安装	家电安装>热水器安装>电热水器安装	燃气热水器安装	sku_install_waterheater_gas	台	¥299-599
上门安装	家电安装>洗衣机安装>洗衣机安装	洗衣机安装	sku_install_washer	台	¥129-259
上门安装	窗帘/置物架安装>挂架/置物架>电视挂架安装	电视安装调试	sku_install_tv_setup	台	¥99-259
上门安装	卫浴安装>马桶/花洒>马桶安装	智能马桶安装	sku_install_smart_toilet	个	¥299-599
上门安装	窗帘/置物架安装>挂架/置物架>墙面置物架安装	装饰画/相框安装	sku_install_picture_frame	件	¥39-89/件
上门安装	窗帘/置物架安装>窗帘/晾衣架>窗帘轨道安装	窗帘轨道安装	sku_install_curtain_track	根	¥99-199
上门安装	家具安装>大件家具按小时>大件家具按小时安装	大件家具按小时安装	sku_install_furniture_hourly	小时	¥120/小时起
管道疏通	厨房管道疏通>水槽下水疏通>水槽普通疏通	厨房水槽下水疏通	sku_plumbing_kitchen_sink_basic	次	¥99-199
管道疏通	厨房管道疏通>水槽下水疏通>水槽深度疏通	厨房水槽深度疏通	sku_plumbing_kitchen_sink_deep	次	¥159-299
管道疏通	厨房管道疏通>油污堵塞处理>厨房油污堵塞疏通	厨房油污堵塞疏通	sku_plumbing_kitchen_oil_block	次	¥159-299
管道疏通	厨房管道疏通>厨房主管道>厨房主管道疏通	厨房主管道疏通	sku_plumbing_kitchen_main_pipe	次	¥199-399
管道疏通	卫生间管道疏通>马桶疏通>马桶普通疏通	马桶普通疏通	sku_plumbing_toilet_basic	次	¥99-199
管道疏通	卫生间管道疏通>马桶疏通>马桶硬物堵塞	马桶硬物堵塞疏通	sku_plumbing_toilet_hard_block	次	¥159-299
管道疏通	卫生间管道疏通>马桶疏通>马桶深度疏通	马桶深度疏通	sku_plumbing_toilet_deep	次	¥199-399
管道疏通	卫生间管道疏通>洗手盆疏通>洗手盆下水疏通	洗手盆下水疏通	sku_plumbing_basin_drain	次	¥99-199
管道疏通	卫生间管道疏通>淋浴/浴缸疏通>淋浴房下水疏通	淋浴房下水疏通	sku_plumbing_shower_drain	次	¥99-199
管道疏通	卫生间管道疏通>卫生间主管道>卫生间主管道疏通	卫生间主管道疏通	sku_plumbing_bathroom_main_pipe	次	¥199-399
管道疏通	地漏/阳台疏通>地漏疏通>地漏普通疏通	地漏普通疏通	sku_plumbing_floor_drain_basic	次	¥99-199
管道疏通	地漏/阳台疏通>地漏疏通>深度地漏疏通	地漏深度疏通	sku_plumbing_floor_drain_deep	次	¥159-299
管道疏通	地漏/阳台疏通>阳台管道疏通>阳台下水疏通	阳台下水疏通	sku_plumbing_balcony_drain	次	¥99-199
管道疏通	地漏/阳台疏通>阳台管道疏通>洗衣机地漏疏通	洗衣机地漏疏通	sku_plumbing_washer_floor_drain	次	¥99-199
管道疏通	地漏/阳台疏通>反水/反味处理>下水反水处理	下水反水处理	sku_plumbing_backflow_treatment	次	¥159-299
管道疏通	地漏/阳台疏通>反水/反味处理>下水反味处理	下水反味处理	sku_plumbing_odor_treatment	次	¥99-199
管道疏通	主管道/总管疏通>家庭主管道>家庭主管道疏通	家庭主管道疏通	sku_plumbing_home_main_pipe	次	¥199-499
管道疏通	主管道/总管疏通>楼栋主管道>楼栋主管道疏通	楼栋主管道疏通	sku_plumbing_building_main_pipe	次	现场评估后报价 ¥299起
管道疏通	主管道/总管疏通>疑难堵塞>疑难堵塞现场评估	疑难堵塞现场评估	sku_plumbing_complex_block_quote	次	上门检测¥80·现场评估后报价
管道疏通	下水道/室外排水>下水道普通疏通>下水道普通疏通	下水道普通疏通	sku_plumbing_sewer_basic	次	¥199-499
管道疏通	下水道/室外排水>下水道普通疏通>室外排水沟疏通	室外排水沟疏通	sku_plumbing_outdoor_drain	次	¥199-499
管道疏通	下水道/室外排水>商铺排污>商铺排污管道疏通	商铺排污管道疏通	sku_plumbing_shop_sewage	次	现场评估后报价 ¥299起
管道疏通	管道检测/高压清洗>高压清洗>管道高压清洗	管道高压清洗	sku_plumbing_high_pressure_clean	次	¥199-599
管道疏通	管道检测/高压清洗>内窥镜检测>管道内窥镜检测	管道内窥镜检测	sku_plumbing_camera_detect	次	检测费¥80
管道疏通	管道检测/高压清洗>堵点定位>管道堵点定位	管道堵点定位	sku_plumbing_block_location	次	上门检测费¥80
管道疏通	管道检测/高压清洗>管道养护>管道定期养护	管道定期养护	sku_plumbing_regular_maintenance	小时	¥120/小时
管道疏通	厨房管道疏通>油污堵塞处理>厨房油污堵塞疏通	厨余垃圾堵塞处理	sku_plumbing_kitchen_food_waste	次	¥129-249
管道疏通	卫生间管道疏通>淋浴/浴缸疏通>淋浴房下水疏通	浴缸下水疏通	sku_plumbing_bathtub_drain	次	¥129-249
管道疏通	下水道/室外排水>商铺排污>商铺排污管道疏通	化粪池相关现场评估	sku_plumbing_septic_quote	次	现场评估后报价 ¥299起
管道疏通	管道检测/高压清洗>高压清洗>管道高压清洗	管道高压深度清洗	sku_plumbing_high_pressure_deep	次	¥299-799
开锁换锁	上门开锁>房门开锁>普通门锁开锁	普通门锁开锁	sku_lock_unlock_standard	次	¥80-150
开锁换锁	上门开锁>房门开锁>防盗门开锁	防盗门开锁	sku_lock_unlock_security_door	次	¥120-250
开锁换锁	上门开锁>室内门开锁>卧室门开锁	卧室门开锁	sku_lock_unlock_bedroom	次	¥69-129
开锁换锁	上门开锁>紧急开锁>紧急开锁服务	紧急开锁服务	sku_lock_unlock_emergency	次	¥150-300
开锁换锁	上门开锁>紧急开锁>钥匙断在锁里处理	钥匙断在锁里处理	sku_lock_unlock_key_broken	次	¥129-250
开锁换锁	换锁/换锁芯>锁芯更换>普通锁芯更换	普通锁芯更换	sku_lock_cylinder_replace_basic	次	¥129-280(含锁芯)
开锁换锁	换锁/换锁芯>锁芯更换>防盗门锁芯更换	防盗门锁芯更换	sku_lock_cylinder_replace_security	次	¥199-399(含锁芯)
开锁换锁	换锁/换锁芯>门锁更换>普通门锁更换	普通门锁更换	sku_lock_lockset_replace_basic	次	¥159-349(含锁体)
开锁换锁	换锁/换锁芯>门锁更换>防盗门锁体更换	防盗门锁体更换	sku_lock_lockset_replace_security	次	¥299-599(含锁体)
开锁换锁	换锁/换锁芯>执手/把手更换>门把手更换	门把手更换	sku_lock_handle_replace	次	¥99-249(含把手)
开锁换锁	智能锁服务>智能锁安装>智能门锁安装	智能门锁安装	sku_lock_smart_install	次	¥199-399
开锁换锁	智能锁服务>智能锁安装>旧锁改智能锁安装	旧锁改智能锁安装	sku_lock_smart_replace	次	¥249-499
开锁换锁	智能锁服务>智能锁维修>指纹故障检修	智能锁指纹故障检修	sku_lock_smart_fingerprint_fault	次	检测费¥80·维修另计
开锁换锁	智能锁服务>智能锁维修>电池/供电故障	智能锁电池/供电故障	sku_lock_smart_battery_fault	次	¥69-169
开锁换锁	汽车开锁>汽车开锁>汽车开锁	汽车开锁	sku_lock_car_unlock	次	¥198-580
开锁换锁	汽车开锁>汽车开锁>钥匙锁车内	车钥匙锁车内开锁	sku_lock_car_key_inside	次	¥198-580
开锁换锁	保险柜/柜锁>保险柜开锁>保险柜开锁现场评估	保险柜开锁现场评估	sku_lock_safe_unlock_quote	次	现场评估后报价 ¥150起
开锁换锁	保险柜/柜锁>柜锁/抽屉锁>文件柜/抽屉锁开锁	文件柜/抽屉锁开锁	sku_lock_cabinet_unlock	次	¥79-169
开锁换锁	配钥匙/门禁卡>配钥匙>普通钥匙复制	普通钥匙复制	sku_lock_key_copy_basic	把	¥20-50/把
开锁换锁	配钥匙/门禁卡>配钥匙>防盗门钥匙复制	防盗门钥匙复制	sku_lock_key_copy_security	把	¥30-80/把
开锁换锁	配钥匙/门禁卡>门禁卡/遥控器>门禁卡复制	门禁卡复制	sku_lock_access_card_copy	张	¥30-60/张
开锁换锁	上门开锁>室内门开锁>卧室门开锁	室内门开锁	sku_lock_unlock_indoor	次	¥69-129
开锁换锁	智能锁服务>智能锁维修>电池/供电故障	智能锁密码/系统故障	sku_lock_smart_password_fault	次	检测费¥80·维修另计
开锁换锁	汽车开锁>汽车开锁>钥匙锁车内	汽车后备箱开锁	sku_lock_car_trunk_unlock	次	¥198-580
开锁换锁	保险柜/柜锁>保险柜开锁>保险柜开锁现场评估	保险柜密码重置	sku_lock_safe_password_reset	次	¥199-599
开锁换锁	保险柜/柜锁>柜锁/抽屉锁>文件柜/抽屉锁开锁	抽屉锁开锁	sku_lock_drawer_unlock	次	¥69-149
开锁换锁	配钥匙/门禁卡>门禁卡/遥控器>门禁卡复制	遥控器复制	sku_lock_remote_copy	个	¥40-100/个
开锁换锁	换锁/换锁芯>门锁更换>普通门锁更换	室内门锁更换	sku_lock_indoor_lock_replace	次	¥129-269(含锁体)
开锁换锁	智能锁服务>智能锁安装>智能门锁安装	智能门锁调试	sku_lock_smart_debug	次	¥99-199
开锁换锁	上门开锁>紧急开锁>紧急开锁服务	紧急开锁现场评估	sku_lock_emergency_quote	次	现场评估后报价 ¥100起
水电维修	电路维修>跳闸检修>跳闸原因检测	跳闸原因检测	sku_electrical_trip_detect	次	检测费¥80·维修另计
水电维修	电路维修>短路排查>短路排查维修	短路排查维修	sku_electrical_short_circuit_detect	次	检测费¥80·维修另计
水电维修	电路维修>漏电检测>漏电检测维修	漏电检测维修	sku_electrical_leakage_detect	次	检测费¥80·维修另计
水电维修	电路维修>电箱/空开>空开/断路器更换	空开/断路器更换	sku_electrical_breaker_replace	个	¥99-249(含空开)
水电维修	电路维修>电箱/空开>配电箱检测维修	配电箱检测维修	sku_electrical_distribution_box_check	次	检测费¥80·维修另计
水电维修	开关插座维修/安装>插座/开关维修>插座故障维修	插座故障维修	sku_electrical_socket_repair	个	¥69-169
水电维修	开关插座维修/安装>插座/开关维修>开关故障维修	开关故障维修	sku_electrical_switch_repair	个	¥69-169
水电维修	开关插座维修/安装>面板更换>开关插座面板更换	开关插座面板更换	sku_electrical_panel_replace	个	¥49-99/个
水电维修	开关插座维修/安装>新增插座点位>新增插座点位	新增插座点位	sku_electrical_socket_add	点	¥150-299/点
水电维修	开关插座维修/安装>新增插座点位>USB插座安装	USB插座安装	sku_electrical_usb_socket_install	个	¥129-249
水电维修	灯具线路维修>灯不亮检修>灯具不亮检修	灯具不亮检修	sku_electrical_light_not_working	次	检测费¥80·维修另计
水电维修	灯具线路维修>灯闪烁/线路>灯具闪烁维修	灯具闪烁维修	sku_electrical_light_flicker	次	检测费¥80·维修另计
水电维修	灯具线路维修>驱动/镇流器更换>驱动/镇流器更换	灯具驱动/镇流器更换	sku_electrical_light_driver_replace	个	¥79-199(含配件)
水电维修	水管维修>明管漏水维修>明管漏水维修	明管漏水维修	sku_water_pipe_visible_leak_repair	次	¥99-249
水电维修	水管维修>暗管漏水检测>暗管漏水检测	暗管漏水检测	sku_water_pipe_hidden_leak_detect	次	检测费¥120·维修另计
水电维修	水管维修>接头/短管更换>水管接头维修	水管接头维修	sku_water_pipe_joint_repair	次	¥99-249
水电维修	水管维修>接头/短管更换>PPR水管维修	PPR水管维修	sku_water_pipe_ppr_repair	次	¥129-299
水电维修	龙头阀门维修>水龙头维修/更换>水龙头漏水维修	水龙头漏水维修	sku_faucet_leak_repair	次	¥69-169
水电维修	龙头阀门维修>水龙头维修/更换>水龙头更换	水龙头更换	sku_faucet_replace	个	¥99-249(不含龙头)
水电维修	龙头阀门维修>角阀/软管/阀门>角阀更换	角阀更换	sku_angle_valve_replace	个	¥69-149(含角阀)
水电维修	龙头阀门维修>角阀/软管/阀门>进水软管更换	进水软管更换	sku_hose_replace	根	¥59-129(含软管)
水电维修	厨卫水电小修>厨卫综合小修>厨房水电小修	厨房水电小修	sku_kitchen_plumbing_minor_repair	次	¥99-249
水电维修	厨卫水电小修>厨卫综合小修>卫生间水电小修	卫生间水电小修	sku_bathroom_plumbing_minor_repair	次	¥99-249
水电维修	厨卫水电小修>厨卫综合小修>马桶水箱配件维修	马桶水箱配件维修	sku_toilet_water_fitting_repair	次	¥89-199(含配件)
水电维修	开关插座维修/安装>新增插座点位>新增插座点位	插座移位	sku_electrical_socket_move	点	¥150-299/点
水电维修	开关插座维修/安装>面板更换>开关插座面板更换	网口/弱电面板维修	sku_electrical_network_panel	个	¥69-169
水电维修	水管维修>接头/短管更换>PPR水管维修	PVC下水管维修	sku_water_pipe_pvc_repair	次	¥99-249
水电维修	水管维修>暗管漏水检测>暗管漏水检测	水管打压测试	sku_water_pipe_pressure_test	次	检测费¥99
水电维修	龙头阀门维修>角阀/软管/阀门>进水软管更换	水压小检测	sku_water_pressure_low_check	次	检测费¥69
水电维修	厨卫水电小修>厨卫综合小修>马桶水箱配件维修	洗衣机进水接口维修	sku_washer_water_inlet_repair	次	¥79-169
防水补漏/精准测漏	精准测漏>基础测漏>基础漏水检测	基础漏水检测	sku_waterproof_leak_detect_basic	次	检测费¥99
防水补漏/精准测漏	精准测漏>基础测漏>红外热成像测漏	红外热成像测漏	sku_waterproof_infrared_detect	次	检测费¥199
防水补漏/精准测漏	精准测漏>打压测试>管道打压测漏	管道打压测漏	sku_waterproof_pressure_test	次	检测费¥149
防水补漏/精准测漏	精准测漏>精准定位>精准漏点定位	精准漏点定位	sku_waterproof_precise_location	次	现场评估后报价 ¥299起
防水补漏/精准测漏	精准测漏>疑难漏水>疑难漏水现场评估	疑难漏水现场评估	sku_waterproof_complex_leak_quote	次	上门评估费¥199·修复报价另计
防水补漏/精准测漏	卫生间防水补漏>免砸砖防水>卫生间免砸砖防水	卫生间免砸砖防水	sku_waterproof_bathroom_no_break	间	¥399-899
防水补漏/精准测漏	卫生间防水补漏>免砸砖防水>地面渗水处理	卫生间地面渗水处理	sku_waterproof_bathroom_floor_leak	间	¥349-799
防水补漏/精准测漏	卫生间防水补漏>墙角/淋浴区>墙角渗水处理	卫生间墙角渗水处理	sku_waterproof_bathroom_corner_leak	处	¥299-599
防水补漏/精准测漏	卫生间防水补漏>墙角/淋浴区>淋浴区防水补漏	淋浴区防水补漏	sku_waterproof_shower_area_repair	处	¥349-799
防水补漏/精准测漏	卫生间防水补漏>洁具周边渗水>马桶底部渗水处理	马桶底部渗水处理	sku_waterproof_toilet_base_leak	处	¥199-399
防水补漏/精准测漏	卫生间防水补漏>洁具周边渗水>地漏周边渗水处理	地漏周边渗水处理	sku_waterproof_floor_drain_leak	处	¥169-349
防水补漏/精准测漏	屋顶/阳台防水>屋顶补漏>屋顶漏水修补	屋顶漏水修补	sku_waterproof_roof_leak_repair	次	¥30-50/㎡
防水补漏/精准测漏	屋顶/阳台防水>屋顶补漏>屋面卷材修补	屋面卷材修补	sku_waterproof_roof_membrane_repair	次	¥25-40/㎡
防水补漏/精准测漏	屋顶/阳台防水>阳台/露台防水>阳台地面防水	阳台地面防水	sku_waterproof_balcony_floor_repair	次	¥30-60/㎡
防水补漏/精准测漏	屋顶/阳台防水>阳台/露台防水>露台防水补漏	露台防水补漏	sku_waterproof_terrace_repair	次	¥35-55/㎡
防水补漏/精准测漏	外墙/窗边渗水>窗边渗水>窗边渗水修补	窗边渗水修补	sku_waterproof_window_edge_leak	扇	¥199-499
防水补漏/精准测漏	外墙/窗边渗水>窗边渗水>窗框密封胶更换	窗框密封胶更换	sku_waterproof_window_sealant_replace	扇	¥149-349
防水补漏/精准测漏	外墙/窗边渗水>外墙/空调孔>外墙裂缝渗水修补	外墙裂缝渗水修补	sku_waterproof_external_wall_crack	次	现场评估后报价 ¥399起
防水补漏/精准测漏	外墙/窗边渗水>外墙/空调孔>空调孔渗水修补	空调孔渗水修补	sku_waterproof_ac_hole_leak	个	¥149-299
防水补漏/精准测漏	管道漏水检测修复>暗管漏水>暗管漏水检测	暗管漏水检测	sku_waterproof_pipe_hidden_leak	次	检测费¥149·修复另计
防水补漏/精准测漏	管道漏水检测修复>明管/接头漏水>明管漏水修复	明管漏水修复	sku_waterproof_pipe_visible_leak	次	¥129-349
防水补漏/精准测漏	管道漏水检测修复>明管/接头漏水>管道接头渗水修复	管道接头渗水修复	sku_waterproof_pipe_joint_leak	处	¥99-249
防水补漏/精准测漏	渗水发霉修复>发霉处理>墙面渗水发霉处理	墙面渗水发霉处理	sku_waterproof_wall_mold_treatment	面	¥199-599
防水补漏/精准测漏	渗水发霉修复>返潮处理>墙面返潮处理	墙面返潮处理	sku_waterproof_wall_damp_repair	面	¥249-699
防水补漏/精准测漏	渗水发霉修复>漏水后修复>漏水后局部修补翻新	渗水基层修复	sku_waterproof_base_layer_repair	处	¥299-899
防水补漏/精准测漏	渗水发霉修复>返潮处理>墙面返潮处理	墙面渗水处理	sku_waterproof_wall_seepage_repair	面	¥249-699
防水补漏/精准测漏	屋顶/阳台防水>屋顶补漏>屋面卷材修补	天沟/排水槽漏水修补	sku_waterproof_gutter_repair	处	¥299-999
防水补漏/精准测漏	管道漏水检测修复>明管/接头漏水>管道接头渗水修复	排水管漏水修复	sku_waterproof_drain_pipe_leak	处	¥129-349
防水补漏/精准测漏	管道漏水检测修复>暗管漏水>暗管漏水检测	水表周边漏水检测	sku_waterproof_water_meter_area_leak	次	检测费¥99
防水补漏/精准测漏	精准测漏>疑难漏水>疑难漏水现场评估	漏水检测报告服务	sku_waterproof_leak_report	次	现场评估后报价 ¥299起
家具家居维修保养	沙发维修保养>皮沙发修复>皮沙发表面修复	皮沙发表面修复	sku_furniture_sofa_leather_repair	处	¥199-499
家具家居维修保养	沙发维修保养>布艺沙发修复>布艺沙发破损修补	布艺沙发破损修补	sku_furniture_sofa_fabric_repair	处	¥149-399
家具家居维修保养	沙发维修保养>沙发结构维修>沙发塌陷维修	沙发塌陷维修	sku_furniture_sofa_sagging_repair	次	¥199-599
家具家居维修保养	沙发维修保养>沙发结构维修>沙发弹簧维修	沙发弹簧维修	sku_furniture_sofa_spring_repair	次	¥169-399
家具家居维修保养	沙发维修保养>皮沙发修复>皮沙发表面修复	沙发保养护理	sku_furniture_sofa_clean_care	次	¥149-349
家具家居维修保养	沙发维修保养>沙发换皮/换布>沙发换皮/换布现场评估	沙发换皮/换布现场评估	sku_furniture_sofa_cover_replace_quote	次	现场评估后报价 ¥150起
家具家居维修保养	床/柜/桌椅维修>床架维修>床架维修加固	床架维修加固	sku_furniture_bed_frame_repair	次	¥149-399
家具家居维修保养	床/柜/桌椅维修>柜子/桌椅维修>衣柜维修	衣柜维修	sku_furniture_wardrobe_repair	次	¥169-449
家具家居维修保养	床/柜/桌椅维修>柜子/桌椅维修>餐桌/书桌维修	餐桌/书桌维修	sku_furniture_table_repair	次	¥129-349
家具家居维修保养	床/柜/桌椅维修>柜子/桌椅维修>餐桌/书桌维修	椅子维修加固	sku_furniture_chair_repair	把	¥89-249
家具家居维修保养	床/柜/桌椅维修>抽屉维修>抽屉维修	抽屉维修	sku_furniture_drawer_repair	个	¥89-249
家具家居维修保养	门窗/五金维修>合页/把手维修>门合页维修更换	门合页维修更换	sku_furniture_door_hinge_repair	个	¥99-249
家具家居维修保养	门窗/五金维修>合页/把手维修>门把手维修更换	门把手维修更换	sku_furniture_door_handle_repair	个	¥89-249(含把手)
家具家居维修保养	门窗/五金维修>推拉门/窗维修>推拉门维修	推拉门维修	sku_furniture_sliding_door_repair	扇	¥129-349
家具家居维修保养	门窗/五金维修>推拉门/窗维修>推拉轨道维修	推拉轨道维修	sku_furniture_sliding_track_repair	处	¥129-349
家具家居维修保养	门窗/五金维修>窗户维修>窗户合页维修	窗户合页维修	sku_furniture_window_hinge_repair	个	¥99-249
家具家居维修保养	地板/墙面小修>地板维修>地板划痕修复	地板划痕修复	sku_furniture_floor_scratch_repair	处	¥129-349
家具家居维修保养	地板/墙面小修>地板维修>地板起翘维修	地板起翘维修	sku_furniture_floor_warp_repair	处	¥169-449
家具家居维修保养	地板/墙面小修>墙面小修>墙面小孔修补	墙面小孔修补	sku_furniture_wall_hole_patch	处	¥99-249
家具家居维修保养	地板/墙面小修>墙面小修>踢脚线维修	踢脚线维修	sku_furniture_baseboard_repair	处	¥99-249
家具家居维修保养	皮革/木器修复>皮革修复>皮革补色修复	皮革补色修复	sku_furniture_leather_color_repair	处	¥169-449
家具家居维修保养	皮革/木器修复>木器修复>木器补漆修复	木器补漆修复	sku_furniture_wood_paint_repair	处	¥149-399
家具家居维修保养	皮革/木器修复>木器修复>木器划痕修复	木器划痕修复	sku_furniture_wood_scratch_repair	处	¥129-349
家具家居维修保养	皮革/木器修复>木器修复>木器划痕修复	木器开裂修复	sku_furniture_crack_repair	处	¥169-449
家具家居维修保养	皮革/木器修复>家具翻新>家具翻新现场评估	家具翻新现场评估	sku_furniture_refurbish_quote	次	现场评估后报价 ¥150起
家具家居维修保养	家居五金/滑轨铰链>铰链/滑轨>家具铰链更换	家具铰链更换	sku_furniture_hinge_replace	个	¥49-99/个
家具家居维修保养	家居五金/滑轨铰链>铰链/滑轨>抽屉滑轨更换	抽屉滑轨更换	sku_furniture_slide_rail_replace	组	¥69-129/组
家具家居维修保养	家居五金/滑轨铰链>拉手/五金件>家具拉手更换	家具拉手更换	sku_furniture_handle_replace	个	¥39-89/个
家具家居维修保养	家居五金/滑轨铰链>拉手/五金件>家具五金组合维修	家具五金组合维修	sku_furniture_hardware_package	次	¥149-399
家具家居维修保养	床/柜/桌椅维修>床架维修>床架维修加固	家具整体加固	sku_furniture_furniture_reinforce	小时	¥120/小时
房屋修缮/局部改造	墙面修补/翻新>墙面局部修补>墙面裂缝修补	墙面裂缝修补	sku_reno_wall_crack_repair	处	¥99-299
房屋修缮/局部改造	墙面修补/翻新>墙面局部修补>墙面起皮脱落修补	墙面起皮脱落修补	sku_reno_wall_peeling_repair	处	¥149-399
房屋修缮/局部改造	墙面修补/翻新>墙面局部修补>墙面孔洞修补	墙面孔洞修补	sku_reno_wall_hole_repair	处	¥99-249
房屋修缮/局部改造	墙面修补/翻新>墙面局部补漆>墙面局部补漆	墙面局部补漆	sku_reno_wall_local_paint	面	¥199-499
房屋修缮/局部改造	墙面修补/翻新>墙面翻新>墙面局部翻新	墙面局部翻新	sku_reno_wall_refresh_area	次	¥25/㎡起
房屋修缮/局部改造	墙面修补/翻新>墙面翻新>单间墙面翻新现场评估	单间墙面翻新现场评估	sku_reno_wall_full_room_quote	次	现场评估后报价 ¥150起
房屋修缮/局部改造	地面/地砖修补>地砖修补>地砖空鼓修复	地砖空鼓修复	sku_reno_tile_hollow_repair	块	¥120-349
房屋修缮/局部改造	地面/地砖修补>地砖修补>破损地砖更换	破损地砖更换	sku_reno_tile_broken_replace	块	¥150-449
房屋修缮/局部改造	地面/地砖修补>地板/过门石>地板局部更换	地板局部更换	sku_reno_floor_local_replace	次	¥249-699
房屋修缮/局部改造	地面/地砖修补>地板/过门石>过门石维修	过门石维修	sku_reno_threshold_stone_repair	处	¥149-399
房屋修缮/局部改造	吊顶/顶面修缮>吊顶裂缝修补>吊顶裂缝修补	吊顶裂缝修补	sku_reno_ceiling_crack_repair	处	¥149-399
房屋修缮/局部改造	吊顶/顶面修缮>石膏板/顶面修复>石膏板吊顶修补	石膏板吊顶修补	sku_reno_ceiling_board_repair	处	¥199-599
房屋修缮/局部改造	吊顶/顶面修缮>顶面漏水后修复>顶面漏水后修复	顶面漏水后修复	sku_reno_ceiling_water_damage_repair	处	¥199-599
房屋修缮/局部改造	吊顶/顶面修缮>顶面漏水后修复>顶面漏水后修复	吊顶检修口安装	sku_reno_ceiling_access_panel	个	¥199-499
房屋修缮/局部改造	门窗局部修缮>门框/窗框修补>门框修补	门框修补	sku_reno_door_frame_repair	处	¥149-399
房屋修缮/局部改造	门窗局部修缮>门框/窗框修补>门套修补	门套修补	sku_reno_door_case_repair	处	¥149-399
房屋修缮/局部改造	门窗局部修缮>密封/窗框修复>窗框修补	窗框修补	sku_reno_window_frame_repair	处	¥149-399
房屋修缮/局部改造	门窗局部修缮>密封/窗框修复>窗户密封修复	窗户密封修复	sku_reno_window_seal_repair	扇	¥129-349
房屋修缮/局部改造	瓷砖/美缝/勾缝>瓷砖缝隙修补>瓷砖缝隙修补	瓷砖缝隙修补	sku_reno_tile_gap_repair	处	¥99-249
房屋修缮/局部改造	瓷砖/美缝/勾缝>瓷砖缝隙修补>瓷砖局部铺贴	瓷砖局部铺贴	sku_reno_tile_local_paste	处	¥199-599
房屋修缮/局部改造	瓷砖/美缝/勾缝>美缝/勾缝>美缝局部修补	美缝局部修补	sku_reno_grout_repair	次	¥10/米起
房屋修缮/局部改造	瓷砖/美缝/勾缝>美缝/勾缝>区域美缝施工	区域美缝施工	sku_reno_grout_full_area	次	¥15/米起
房屋修缮/局部改造	局部改造/小工程>局部拆改>局部拆改现场评估	局部拆改现场评估	sku_reno_partial_demolition_quote	次	现场评估后报价 ¥150起
房屋修缮/局部改造	局部改造/小工程>小面积砌补/隔断>小面积砌补修缮	小面积砌补修缮	sku_reno_small_masonry_repair	次	¥199-599
房屋修缮/局部改造	局部改造/小工程>收口/修补>装修收口修补	装修收口修补	sku_reno_closing_edge_repair	处	¥149-399
房屋修缮/局部改造	局部改造/小工程>小工程按小时>小工程按小时服务	小工程按小时服务	sku_reno_minor_project_hourly	小时	¥120/小时
房屋修缮/局部改造	墙面修补/翻新>墙面局部修补>墙面起皮脱落修补	墙面发霉处理	sku_reno_wall_mold_repair	面	¥199-499
房屋修缮/局部改造	地面/地砖修补>地板/过门石>过门石维修	地面局部找平	sku_reno_floor_leveling_minor	处	¥249-699
房屋修缮/局部改造	吊顶/顶面修缮>吊顶裂缝修补>吊顶裂缝修补	顶面局部补漆	sku_reno_ceiling_local_paint	面	¥199-499
房屋修缮/局部改造	门窗局部修缮>密封/窗框修复>窗户密封修复	门底破损修复	sku_reno_door_bottom_repair	扇	¥129-349
搬家搬运/拆旧清运	家庭搬家>小型搬家>小型家庭搬家	小型家庭搬家	sku_moving_home_small	次	¥199-599
搬家搬运/拆旧清运	家庭搬家>按户型搬家>一居室搬家	一居室搬家	sku_moving_home_one_bedroom	次	¥399-999
搬家搬运/拆旧清运	家庭搬家>按户型搬家>两居室搬家	两居室搬家	sku_moving_home_two_bedroom	次	¥699-1699
搬家搬运/拆旧清运	家庭搬家>整屋搬家现场评估>整屋搬家现场评估	整屋搬家现场评估	sku_moving_home_whole_house_quote	次	现场评估后报价 ¥150起
搬家搬运/拆旧清运	家庭搬家>搬家配套服务>搬家打包服务	搬家打包服务	sku_moving_home_packing_service	次	¥299-899
搬家搬运/拆旧清运	家庭搬家>搬家配套服务>搬家人工按小时	搬家人工按小时服务	sku_moving_home_labor_hourly	小时	¥80/人/小时
搬家搬运/拆旧清运	大件搬运>家具搬运>沙发搬运	沙发搬运	sku_moving_sofa_move	件	¥120-349
搬家搬运/拆旧清运	大件搬运>家具搬运>床/床垫搬运	床/床垫搬运	sku_moving_bed_move	件	¥99-299
搬家搬运/拆旧清运	大件搬运>家具搬运>衣柜搬运	衣柜搬运	sku_moving_wardrobe_move	件	¥149-449
搬家搬运/拆旧清运	大件搬运>家电搬运>冰箱搬运	冰箱搬运	sku_moving_refrigerator_move	台	¥120-349
搬家搬运/拆旧清运	大件搬运>家电搬运>洗衣机搬运	洗衣机搬运	sku_moving_washer_move	台	¥89-249
搬家搬运/拆旧清运	大件搬运>特殊物品搬运>钢琴搬运现场评估	钢琴搬运现场评估	sku_moving_piano_quote	次	现场评估后报价 ¥200起
搬家搬运/拆旧清运	大件搬运>特殊物品搬运>鱼缸搬运现场评估	鱼缸搬运现场评估	sku_moving_aquarium_quote	次	现场评估后报价 ¥200起
搬家搬运/拆旧清运	办公搬迁>小型办公室搬迁>小型办公室搬迁	小型办公室搬迁	sku_moving_office_small	次	¥599-1999
搬家搬运/拆旧清运	办公搬迁>小型办公室搬迁>工位搬迁	工位搬迁	sku_moving_office_workstation	工位	¥99-199/工位
搬家搬运/拆旧清运	办公搬迁>办公设备/文件柜>文件柜搬运	文件柜搬运	sku_moving_office_cabinet_move	件	¥129-349
搬家搬运/拆旧清运	办公搬迁>夜间办公搬迁>夜间办公搬迁现场评估	夜间办公搬迁现场评估	sku_moving_office_night_quote	次	现场评估后报价 ¥300起
搬家搬运/拆旧清运	家电家具移位搬动>室内移位>家电室内移位	家电室内移位	sku_moving_appliance_indoor_shift	次	¥89-249
搬家搬运/拆旧清运	家电家具移位搬动>室内移位>家具室内移位	家具室内移位	sku_moving_furniture_indoor_shift	次	¥99-299
搬家搬运/拆旧清运	家电家具移位搬动>楼层/短途搬运>上下楼搬运	上下楼搬运	sku_moving_floor_carry	层/件	¥50/层/件
搬家搬运/拆旧清运	家电家具移位搬动>楼层/短途搬运>无电梯搬运加项	无电梯搬运加项	sku_moving_no_elevator_extra	层/件	¥30/层/件
搬家搬运/拆旧清运	拆旧清运>旧家具拆除>旧家具拆除清运	旧家具拆除清运	sku_moving_old_furniture_remove	件	¥149-499
搬家搬运/拆旧清运	拆旧清运>旧橱柜/地板/吊顶拆除>旧橱柜拆除清运	旧橱柜拆除清运	sku_moving_old_cabinet_remove	次	¥199-699
搬家搬运/拆旧清运	拆旧清运>旧橱柜/地板/吊顶拆除>旧地板拆除清运	旧地板拆除清运	sku_moving_old_floor_remove	次	¥249-899
搬家搬运/拆旧清运	拆旧清运>局部拆旧>局部拆旧现场评估	局部拆旧现场评估	sku_moving_partial_demolition_quote	次	现场评估后报价 ¥150起
搬家搬运/拆旧清运	垃圾/建材清运>袋装垃圾清运>袋装装修垃圾清运	袋装装修垃圾清运	sku_moving_renovation_waste_bag	袋	¥20/袋
搬家搬运/拆旧清运	垃圾/建材清运>按车垃圾清运>装修垃圾按车清运	装修垃圾按车清运	sku_moving_renovation_waste_cart	车	¥300/车
搬家搬运/拆旧清运	垃圾/建材清运>按车垃圾清运>大件垃圾清运	大件垃圾清运	sku_moving_large_waste_clear	次	¥149-499
搬家搬运/拆旧清运	垃圾/建材清运>建材清运>建材清运	建材清运	sku_moving_building_material_clear	次	¥249-999
搬家搬运/拆旧清运	大件搬运>特殊物品搬运>鱼缸搬运现场评估	健身器材搬运现场评估	sku_moving_fitness_equipment_quote	次	现场评估后报价 ¥200起
甲醛检测治理	甲醛检测>单点/多点检测>甲醛单点检测	甲醛单点检测	sku_formaldehyde_detect_single_point	点	¥99-199
甲醛检测治理	甲醛检测>单点/多点检测>甲醛多点检测	甲醛多点检测	sku_formaldehyde_detect_multi_point	次	¥199-599
甲醛检测治理	甲醛检测>专项检测>CMA资质检测现场评估	CMA资质检测现场评估	sku_formaldehyde_detect_cma_quote	次	现场评估后报价 ¥299起
甲醛检测治理	甲醛检测>专项检测>儿童房甲醛检测	儿童房甲醛检测	sku_formaldehyde_detect_children_room	间	¥149-299
甲醛检测治理	甲醛治理>基础/深度治理>甲醛基础治理	甲醛基础治理	sku_formaldehyde_treat_basic_area	次	¥18/㎡起
甲醛检测治理	甲醛治理>基础/深度治理>甲醛深度治理	甲醛深度治理	sku_formaldehyde_treat_deep_area	次	¥28/㎡起
甲醛检测治理	甲醛治理>专项治理>光触媒治理	光触媒治理	sku_formaldehyde_treat_photocatalyst	次	¥499-1999
甲醛检测治理	甲醛治理>专项治理>装修异味治理	装修异味治理	sku_formaldehyde_treat_odor_removal	次	¥349-1299
甲醛检测治理	新房/装修后治理>新房/入住前治理>新房甲醛治理	新房甲醛治理	sku_formaldehyde_new_home_basic	次	¥18-28/㎡
甲醛检测治理	新房/装修后治理>新房/入住前治理>入住前治理套餐	入住前治理套餐	sku_formaldehyde_before_movein_package	套	¥899-3999
甲醛检测治理	新房/装修后治理>特殊房间治理>儿童房甲醛治理	儿童房甲醛治理	sku_formaldehyde_children_room_treat	间	¥399-1299
甲醛检测治理	办公/商铺治理>办公/商铺检测>办公室空气检测	办公室空气检测	sku_formaldehyde_office_detect	次	¥299-999
甲醛检测治理	办公/商铺治理>办公/商铺检测>办公室甲醛治理	办公室甲醛治理	sku_formaldehyde_office_treat_area	次	¥15-25/㎡
甲醛检测治理	办公/商铺治理>大空间/特殊场所>大面积空间治理现场评估	大面积空间治理现场评估	sku_formaldehyde_large_space_quote	次	现场评估后报价 ¥500起
甲醛检测治理	家具/局部治理>衣柜/板材家具>衣柜甲醛治理	衣柜甲醛治理	sku_formaldehyde_wardrobe_treat	件	¥199-599
甲醛检测治理	家具/局部治理>衣柜/板材家具>板材家具甲醛治理	板材家具甲醛治理	sku_formaldehyde_panel_furniture_treat	次	¥249-799
甲醛检测治理	家具/局部治理>局部/软装>局部污染源治理	局部污染源治理	sku_formaldehyde_local_source_treat	处	¥299-999
甲醛检测治理	复检/长效养护>治理后复检>治理后复检	治理后复检	sku_formaldehyde_after_treat_recheck	次	¥99-199
甲醛检测治理	复检/长效养护>周期复检/养护>周期空气复检	周期空气复检	sku_formaldehyde_periodic_recheck	次	¥149-399
甲醛检测治理	复检/长效养护>长效空气养护>长效空气养护	长效空气养护	sku_formaldehyde_long_term_care	次	¥299-999
甲醛检测治理	复检/长效养护>空气治理方案>空气治理方案现场评估	空气治理方案现场评估	sku_formaldehyde_air_solution_quote	次	现场评估后报价 ¥200起
甲醛检测治理	甲醛治理>治理套餐>空气质量改善套餐	空气质量改善套餐	sku_formaldehyde_air_quality_package	套	¥799-2999
甲醛检测治理	办公/商铺治理>商铺治理>商铺甲醛治理	商铺甲醛治理	sku_formaldehyde_shop_treat_area	次	¥15-25/㎡
甲醛检测治理	办公/商铺治理>学校/培训机构>学校/培训机构治理评估	学校/培训机构治理评估	sku_formaldehyde_school_quote	次	现场评估后报价 ¥500起
甲醛检测治理	甲醛检测>专项检测>儿童房甲醛检测	新房入住前检测	sku_formaldehyde_office_detect_new	次	¥199-499
甲醛检测治理	家具/局部治理>沙发/窗帘布艺>沙发/软装异味处理	沙发/软装异味处理	sku_formaldehyde_sofa_fabric_odor_treat	件	¥199-599
甲醛检测治理	家具/局部治理>沙发/窗帘布艺>窗帘布艺异味处理	窗帘布艺异味处理	sku_formaldehyde_curtain_fabric_treat	次	¥149-499
甲醛检测治理	新房/装修后治理>新房/入住前治理>入住前治理套餐	装修后深度治理	sku_formaldehyde_renovated_home_deep	次	¥28-35/㎡
甲醛检测治理	新房/装修后治理>特殊房间治理>儿童房甲醛治理	母婴房甲醛治理	sku_formaldehyde_maternity_room_treat	间	¥399-1299
甲醛检测治理	办公/商铺治理>办公/商铺检测>办公室甲醛治理	办公设备治理	sku_formaldehyde_office_equipment_treat	次	¥349-999
数码办公维修	电脑维修>开机/蓝屏/卡顿>无法开机维修	电脑无法开机维修	sku_digital_pc_boot_repair	次	检测费¥80·维修另计
数码办公维修	电脑维修>开机/蓝屏/卡顿>蓝屏维修	电脑蓝屏维修	sku_digital_pc_blue_screen_repair	次	检测费¥80·维修另计
数码办公维修	电脑维修>开机/蓝屏/卡顿>卡顿优化	电脑卡顿优化	sku_digital_pc_slow_optimize	次	¥99-299
数码办公维修	电脑维修>笔记本硬件>笔记本屏幕更换	笔记本屏幕更换	sku_digital_laptop_screen_replace	次	¥299-1500(含屏)
数码办公维修	电脑维修>笔记本硬件>笔记本键盘更换	笔记本键盘更换	sku_digital_laptop_keyboard_replace	次	¥199-599
数码办公维修	电脑维修>笔记本硬件>笔记本电池更换	笔记本电池更换	sku_digital_laptop_battery_replace	次	¥199-599
数码办公维修	打印机/办公设备>打印机故障>无法打印维修	打印机无法打印维修	sku_digital_printer_not_printing	次	检测费¥80·维修另计
数码办公维修	打印机/办公设备>打印机故障>卡纸处理	打印机卡纸处理	sku_digital_printer_paper_jam	次	¥69-169
数码办公维修	打印机/办公设备>打印机安装配置>网络打印机配置	网络打印机配置	sku_digital_printer_network_setup	台	¥99-249
数码办公维修	网络/Wi-Fi>路由器/组网>路由器安装配置	路由器安装配置	sku_digital_router_setup	次	¥99-249
数码办公维修	网络/Wi-Fi>路由器/组网>Mesh组网安装	Mesh组网安装	sku_digital_mesh_wifi_setup	次	¥199-499
数码办公维修	网络/Wi-Fi>Wi-Fi/宽带>Wi-Fi信号优化	Wi-Fi信号优化	sku_digital_wifi_weak_optimize	次	检测费¥80·优化另计
数码办公维修	网络/Wi-Fi>Wi-Fi/宽带>宽带联网配置	宽带联网配置	sku_digital_broadband_setup	次	¥99-199
数码办公维修	手机/平板小修>手机维修>手机屏幕维修评估	手机屏幕维修评估	sku_digital_phone_screen_quote	次	现场评估后报价 ¥99起
数码办公维修	手机/平板小修>手机维修>手机电池更换	手机电池更换	sku_digital_phone_battery_replace	次	¥99-399
数码办公维修	数据/系统/软件>操作系统/软件>操作系统安装	操作系统安装	sku_digital_os_install	次	¥99-249
数码办公维修	数据/系统/软件>操作系统/软件>常用软件安装	常用软件安装	sku_digital_software_install	次	¥69-169
数码办公维修	数据/系统/软件>数据恢复/备份>数据恢复现场评估	数据恢复现场评估	sku_digital_data_recovery_quote	次	现场评估后报价 ¥199起
数码办公维修	办公设备安装调试>办公设备安装>办公设备安装调试	办公设备安装调试	sku_digital_office_device_setup	次	¥149-399
数码办公维修	办公设备安装调试>会议室/布线>会议室设备调试	会议室设备调试	sku_digital_meeting_room_setup	次	¥199-599
数码办公维修	电脑维修>开机/蓝屏/卡顿>卡顿优化	电脑病毒查杀	sku_digital_virus_remove	次	¥99-249
数码办公维修	数据/系统/软件>操作系统/软件>常用软件安装	数据备份	sku_digital_data_backup	次	¥79-199
数码办公维修	打印机/办公设备>打印机故障>卡纸处理	打印机墨盒/硒鼓问题	sku_digital_printer_ink_issue	次	¥69-199
数码办公维修	打印机/办公设备>打印机安装配置>网络打印机配置	扫描仪安装调试	sku_digital_scanner_setup	台	¥99-249
数码办公维修	办公设备安装调试>办公设备安装>办公设备安装调试	投影仪安装调试	sku_digital_projector_setup	台	¥149-399
数码办公维修	办公设备安装调试>会议室/布线>会议室设备调试	摄像头安装调试	sku_digital_camera_setup	个	¥129-349
数码办公维修	数据/系统/软件>操作系统/软件>常用软件安装	远程技术支持按小时	sku_digital_remote_support_hourly	小时	¥59/小时
数码办公维修	手机/平板小修>手机维修>手机屏幕维修评估	平板屏幕维修评估	sku_digital_tablet_screen_quote	次	现场评估后报价
数码办公维修	网络/Wi-Fi>Wi-Fi/宽带>Wi-Fi信号优化	网络故障排查	sku_digital_network_fault_check	次	检测费¥80
数码办公维修	办公设备安装调试>会议室/布线>会议室设备调试	办公网络布线现场评估	sku_digital_office_network_quote	次	现场评估后报价
数码办公维修	电脑维修>开机/蓝屏/卡顿>卡顿优化	数码设备清洁保养	sku_digital_device_cleaning	台	¥69-169
洗衣洗鞋	衣物清洗>外套/大衣>大衣清洗	大衣清洗	sku_laundry_coat_clean	件	¥49-129
洗衣洗鞋	衣物清洗>外套/大衣>羽绒服清洗	羽绒服清洗	sku_laundry_down_jacket_clean	件	¥59-149
洗衣洗鞋	衣物清洗>西装/礼服/衬衫>西装清洗	西装清洗	sku_laundry_suit_clean	套	¥39-99
洗衣洗鞋	衣物清洗>西装/礼服/衬衫>衬衫清洗	衬衫清洗	sku_laundry_shirt_clean	件	¥19-49/件
洗衣洗鞋	衣物清洗>毛衣/针织>毛衣清洗	毛衣清洗	sku_laundry_sweater_clean	件	¥39-99
洗衣洗鞋	鞋类清洗>运动鞋/皮鞋>运动鞋清洗	运动鞋清洗	sku_laundry_sneaker_clean	双	¥39-89/双
洗衣洗鞋	鞋类清洗>运动鞋/皮鞋>皮鞋清洗护理	皮鞋清洗护理	sku_laundry_leather_shoe_clean	双	¥59-149/双
洗衣洗鞋	鞋类清洗>靴子/麂皮/深度>靴子清洗护理	靴子清洗护理	sku_laundry_boot_clean	双	¥69-169/双
洗衣洗鞋	鞋类清洗>靴子/麂皮/深度>麂皮鞋清洗护理	麂皮鞋清洗护理	sku_laundry_suede_shoe_clean	双	¥79-199/双
洗衣洗鞋	包具清洗护理>基础清洗>包具基础清洗	包具基础清洗	sku_laundry_bag_basic_clean	个	¥59-169
洗衣洗鞋	包具清洗护理>基础清洗>帆布包清洗	帆布包清洗	sku_laundry_canvas_bag_clean	个	¥49-129
洗衣洗鞋	包具清洗护理>皮包护理/补色>皮包护理	皮包护理	sku_laundry_leather_bag_care	个	¥99-299
洗衣洗鞋	包具清洗护理>皮包护理/补色>包具补色修复	包具补色修复	sku_laundry_bag_color_restore	个	¥149-499
洗衣洗鞋	家纺清洗>窗帘/床品/地毯>窗帘清洗	窗帘清洗	sku_laundry_curtain_clean	副	¥99-299
洗衣洗鞋	家纺清洗>窗帘/床品/地毯>床品清洗	床品清洗	sku_laundry_bedding_clean	套	¥79-199
洗衣洗鞋	修补/染色/翻新>衣物修补>衣物小修补	衣物小修补	sku_laundry_clothes_repair	处	¥29-99
洗衣洗鞋	修补/染色/翻新>衣物修补>拉链维修	拉链维修	sku_laundry_zipper_repair	条	¥39-129
洗衣洗鞋	修补/染色/翻新>鞋类修补/染色>鞋类修补现场评估	鞋类修补现场评估	sku_laundry_shoe_repair_quote	次	现场评估后报价 ¥49起
洗衣洗鞋	衣物清洗>西装/礼服/衬衫>西装清洗	连衣裙/礼服清洗	sku_laundry_dress_clean	件	¥49-149
洗衣洗鞋	鞋类清洗>运动鞋/皮鞋>运动鞋清洗	鞋子除味杀菌	sku_laundry_shoe_deodorize	双	¥29-69/双
洗衣洗鞋	鞋类清洗>靴子/麂皮/深度>麂皮鞋清洗护理	鞋类深度清洗	sku_laundry_shoe_deep_clean	双	¥99-249/双
洗衣洗鞋	包具清洗护理>皮包护理/补色>皮包护理	包具五金护理	sku_laundry_bag_hardware_care	个	¥69-199
洗衣洗鞋	包具清洗护理>皮包护理/补色>包具补色修复	奢侈品包护理评估	sku_laundry_luxury_bag_quote	次	现场评估后报价
洗衣洗鞋	修补/染色/翻新>鞋类修补/染色>鞋类修补现场评估	奢侈品鞋护理评估	sku_laundry_luxury_shoe_quote	次	现场评估后报价
洗衣洗鞋	家纺清洗>窗帘/床品/地毯>床品清洗	毛毯清洗	sku_laundry_blanket_clean	条	¥69-199
洗衣洗鞋	家纺清洗>窗帘/床品/地毯>窗帘清洗	地毯清洗	sku_laundry_carpet_clean	张	¥129-399
洗衣洗鞋	家纺清洗>窗帘/床品/地毯>床品清洗	沙发套清洗	sku_laundry_sofa_cover_clean	套	¥89-249
洗衣洗鞋	修补/染色/翻新>衣物修补>拉链维修	皮草清洗护理评估	sku_laundry_fur_clean_quote	次	现场评估后报价
洗衣洗鞋	衣物清洗>外套/大衣>大衣清洗	皮衣护理	sku_laundry_leather_jacket_care	件	¥99-299
洗衣洗鞋	修补/染色/翻新>衣物修补>衣物小修补	衣物/鞋包染色评估	sku_laundry_color_dye_quote	次	现场评估后报价
保姆月嫂/照护	家政保姆>住家/白班保姆>住家保姆面试评估	住家保姆面试评估	sku_nanny_live_in_quote	次	面试评估费 ¥200
保姆月嫂/照护	家政保姆>白班/家务保姆>白班保姆	白班保姆	sku_nanny_daytime_nanny	天	¥198-398/天
保姆月嫂/照护	家政保姆>白班/家务保姆>做饭保姆	做饭保姆	sku_nanny_cooking_nanny	天	¥218-398/天
保姆月嫂/照护	月嫂/产康照护>月嫂服务>月嫂服务面试评估	月嫂服务面试评估	sku_nanny_maternity_month_quote	次	面试评估费 ¥300
保姆月嫂/照护	月嫂/产康照护>产康/新生儿>新生儿照护	新生儿照护	sku_nanny_newborn_care	天	¥488-888/天
保姆月嫂/照护	月嫂/产康照护>产康/新生儿>产妇照护	产妇照护	sku_nanny_postpartum_care	天	¥388-688/天
保姆月嫂/照护	育儿嫂/儿童照护>白班/接送>白班育儿嫂	白班育儿嫂	sku_nanny_childcare_daytime	天	¥198-398/天
保姆月嫂/照护	育儿嫂/儿童照护>白班/接送>儿童接送照护	儿童接送照护	sku_nanny_child_pickup	天	¥149-299/天
保姆月嫂/照护	育儿嫂/儿童照护>婴幼儿/临时>婴幼儿照护	婴幼儿照护	sku_nanny_infant_care	天	¥248-498/天
保姆月嫂/照护	育儿嫂/儿童照护>婴幼儿/临时>临时看护	临时看护	sku_nanny_temporary_babysitting	小时	¥49-99/小时
保姆月嫂/照护	老人照护>白天/助餐/陪伴>老人白天照护	老人白天照护	sku_nanny_elderly_day_care	天	¥198-398/天
保姆月嫂/照护	老人照护>白天/助餐/陪伴>老人陪伴服务	老人陪伴服务	sku_nanny_elderly_companion	天	¥169-349/天
保姆月嫂/照护	老人照护>住家/行动协助>老人住家照护评估	老人住家照护评估	sku_nanny_elderly_live_in_quote	次	现场评估 ¥300
保姆月嫂/照护	老人照护>住家/行动协助>老人行动协助	老人行动协助	sku_nanny_elderly_mobility_care	小时	¥59-119/小时
保姆月嫂/照护	病患陪护>居家/医院陪护>居家病患陪护	居家病患陪护	sku_nanny_patient_home_care	天	¥248-498/天
保姆月嫂/照护	病患陪护>居家/医院陪护>医院陪护	医院陪护	sku_nanny_hospital_companion	天	¥298-598/天
保姆月嫂/照护	病患陪护>康复/夜间/特殊>康复陪护	康复陪护	sku_nanny_rehab_companion	天	¥298-598/天
保姆月嫂/照护	病患陪护>康复/夜间/特殊>特殊照护现场评估	特殊照护现场评估	sku_nanny_special_care_quote	次	现场评估 ¥300
保姆月嫂/照护	育儿嫂/儿童照护>婴幼儿/临时>临时看护	临时钟点照护	sku_nanny_hourly_care	小时	¥49-99/小时
保姆月嫂/照护	家政保姆>白班/家务保姆>白班保姆	家务型保姆	sku_nanny_housekeeping_nanny	天	¥178-358/天
保姆月嫂/照护	老人照护>白天/助餐/陪伴>老人白天照护	老人家庭日常照料	sku_nanny_elder_housework	天	¥218-398/天
保姆月嫂/照护	月嫂/产康照护>产康/新生儿>产妇照护	月子餐照护	sku_nanny_maternity_meal	天	¥288-488/天
保姆月嫂/照护	月嫂/产康照护>月嫂服务>月嫂服务面试评估	催乳/通乳服务评估	sku_nanny_lactation_support_quote	次	现场评估后报价
保姆月嫂/照护	育儿嫂/儿童照护>婴幼儿/临时>临时看护	作业陪伴照护	sku_nanny_homework_companion	小时	¥49-99/小时
保姆月嫂/照护	老人照护>白天/助餐/陪伴>老人陪伴服务	老人助餐照护	sku_nanny_elderly_meal_care	餐	¥49-89/餐
保姆月嫂/照护	病患陪护>康复/夜间/特殊>特殊照护现场评估	夜间陪护评估	sku_nanny_night_care_quote	次	现场评估后报价
保姆月嫂/照护	老人照护>白天/助餐/陪伴>老人陪伴服务	半天照护	sku_nanny_half_day_care	半天	¥129-249
保姆月嫂/照护	老人照护>白天/助餐/陪伴>老人白天照护	全天照护	sku_nanny_full_day_care	天	¥248-498/天
保姆月嫂/照护	病患陪护>康复/夜间/特殊>特殊照护现场评估	紧急照护评估	sku_nanny_emergency_care_quote	次	现场评估后报价
保姆月嫂/照护	家政保姆>住家/白班保姆>住家保姆面试评估	阿姨面试匹配服务	sku_nanny_interview_service	次	¥99-299
四害消杀	灭蟑螂>家庭/厨房灭蟑>家庭灭蟑基础服务	家庭灭蟑基础服务	sku_pest_cockroach_home_basic	次	¥199-499
四害消杀	灭蟑螂>家庭/厨房灭蟑>厨房重点灭蟑	厨房重点灭蟑	sku_pest_cockroach_kitchen_focus	次	¥249-599
四害消杀	灭蟑螂>深度/商铺灭蟑>蟑螂深度治理	蟑螂深度治理	sku_pest_cockroach_deep_treatment	次	¥399-999
四害消杀	灭蟑螂>深度/商铺灭蟑>餐饮商铺灭蟑评估	餐饮商铺灭蟑评估	sku_pest_cockroach_shop_quote	次	现场评估后报价 ¥299起
四害消杀	灭鼠>家庭/封堵灭鼠>家庭灭鼠基础服务	家庭灭鼠基础服务	sku_pest_mouse_home_basic	次	¥199-499
四害消杀	灭鼠>家庭/封堵灭鼠>鼠洞封堵	鼠洞封堵	sku_pest_mouse_hole_block	次	¥149-399
四害消杀	灭鼠>商铺/复查>商铺灭鼠现场评估	商铺灭鼠现场评估	sku_pest_mouse_shop_quote	次	现场评估后报价 ¥299起
四害消杀	灭蚊蝇>家庭/庭院灭蚊蝇>家庭灭蚊服务	家庭灭蚊服务	sku_pest_mosquito_home	次	¥149-399
四害消杀	灭蚊蝇>家庭/庭院灭蚊蝇>家庭灭蝇服务	家庭灭蝇服务	sku_pest_fly_home	次	¥129-349
四害消杀	灭蚊蝇>季节性/小飞虫>季节蚊蝇防治套餐	季节蚊蝇防治套餐	sku_pest_seasonal_package	套	¥299-799
四害消杀	灭蚊蝇>季节性/小飞虫>下水道小飞虫治理	下水道小飞虫治理	sku_pest_drain_fly_treatment	次	¥169-399
四害消杀	白蚁防治>白蚁检查>白蚁检查	白蚁检查	sku_pest_termite_inspection	次	检查费¥199
四害消杀	白蚁防治>白蚁治理>白蚁局部治理	白蚁局部治理	sku_pest_termite_spot_treatment	次	¥499-1999
四害消杀	白蚁防治>白蚁治理>全屋白蚁治理评估	全屋白蚁治理评估	sku_pest_termite_full_house_quote	次	现场评估后报价 ¥500起
四害消杀	空间消毒>家庭/办公消毒>家庭空间消毒	家庭空间消毒	sku_pest_home_disinfection	次	¥199-599
四害消杀	空间消毒>家庭/办公消毒>办公空间消毒	办公空间消毒	sku_pest_office_disinfection	次	¥3-5/㎡
四害消杀	综合虫害治理>家庭/其他虫害>家庭综合虫害治理	家庭综合虫害治理	sku_pest_integrated_home_package	次	¥399-999
四害消杀	综合虫害治理>家庭/其他虫害>蚂蚁治理	蚂蚁治理	sku_pest_ant_treatment	次	¥169-399
四害消杀	综合虫害治理>特殊虫害>臭虫治理现场评估	臭虫治理现场评估	sku_pest_bedbug_quote	次	现场评估后报价 ¥299起
四害消杀	综合虫害治理>特殊虫害>跳蚤/螨虫治理	跳蚤/螨虫治理	sku_pest_flea_mite_treatment	次	¥249-599
四害消杀	灭蟑螂>家庭/厨房灭蟑>家庭灭蟑基础服务	灭蟑复查服务	sku_pest_cockroach_followup	次	¥99-249
四害消杀	灭鼠>家庭/封堵灭鼠>家庭灭鼠基础服务	鼠夹/鼠饵布控	sku_pest_mouse_trap_setup	次	¥149-349
四害消杀	灭鼠>家庭/封堵灭鼠>鼠洞封堵	灭鼠复查服务	sku_pest_mouse_followup	次	¥99-249
四害消杀	灭蚊蝇>家庭/庭院灭蚊蝇>家庭灭蚊服务	庭院灭蚊现场评估	sku_pest_mosquito_yard_quote	次	现场评估后报价
四害消杀	白蚁防治>白蚁治理>白蚁局部治理	木地板白蚁治理	sku_pest_termite_wood_floor	次	¥599-2499
四害消杀	白蚁防治>白蚁检查>白蚁检查	白蚁预防处理	sku_pest_termite_prevention	次	¥299-999
四害消杀	空间消毒>家庭/办公消毒>办公空间消毒	商铺空间消毒	sku_pest_shop_disinfection	次	¥3-5/㎡
四害消杀	空间消毒>家庭/办公消毒>家庭空间消毒	异味消毒处理	sku_pest_odor_disinfection	次	¥249-599
四害消杀	空间消毒>家庭/办公消毒>家庭空间消毒	宠物区域消毒	sku_pest_pet_area_disinfection	次	¥169-399
四害消杀	综合虫害治理>家庭/其他虫害>家庭综合虫害治理	商铺综合虫害评估	sku_pest_integrated_shop_quote	次	现场评估后报价
